"","X1","X2","X3","X4","X5","X6","X7","X8","X9","X10","X11","X1.1","X2.1","X3.1","X4.1","X5.1","X6.1","X7.1","X8.1","X9.1","X10.1","X11.1","X1.2","X2.2","X3.2","X4.2","X5.2","X6.2","X7.2","X8.2","X9.2","X10.2","X11.2"
"1",5.34829498504698,2.35385950209281,0.013157611184388,0.00165689547616519,0.943193844164814,0.237523468780345,0.745433832628795,0.0624151963651725,0.045717428460845,0.937527969357861,0.0228646533838973,1.06998462315051,0.775658899067134,0.0666566981600397,0.00659893300826578,0.905719429498259,0.0669902926883272,0.901180951679759,0.0792524791913894,0.0260493116548207,0.947551629731588,0.0610007472325684,2.12682600653055,1.89929758275462,0.0291383855406791,0.00331056415060074,0.916423202654431,0.0546084434779614,0.926733830221844,0.0382856773027353,0.0233470181534156,0.963436533785815,0.0293123111369334
"2",4.58815976617135,3.57062084066319,0.0321604814055203,0.00176361312887066,0.866839520123818,0.0884354055767268,0.881591092868414,0.0760411370435456,0.0314773087773945,0.952756013217814,0.0356533113085317,1.09859024196544,0.903557311145622,0.042065165377867,0.00519339719885961,0.93208914627135,0.0593257642430913,0.905297386374659,0.083188204059338,0.121411085734349,0.861028961354349,0.0300051155130724,0.78840711303344,0.613076647443575,0.0579647694510596,0.00717272530396221,0.924840746604025,0.0263602932528404,0.94788924166156,0.0639353233938571,0.000224136350292392,0.989071554083919,0.0254927106500888
"3",3.04686211813313,1.72305338662695,0.0221570249294687,0.00252419823565023,0.932196959009016,0.217873195965321,0.76382999026952,0.0286190633240488,0.0831597353094738,0.882173385103726,0.0364711374391558,2.67683814375325,1.58005309900227,0.0175821052196402,0.00346486028058467,0.941407285762604,0.282977298835177,0.699166336711239,0.0624875495065607,0.30171936410492,0.646340539015133,0.0310524140488958,1.49442456090435,0.990016333890632,0.0290378420573483,0.00370561393509345,0.935853863755578,0.148556059834729,0.80782518620177,0.096562363447174,0.117403393457536,0.856939576144226,0.0188127220614631
"4",4.16049527753816,3.14582393101173,0.0177797297745066,0.00150853861344982,0.946631683233505,0.099540662630181,0.889078352524071,0.0369690661113804,0.141492961470926,0.81757888744988,0.106699404293642,1.45043061992307,0.800359649294271,0.0566306683955925,0.00569880945746811,0.914673798755412,0.113370133828085,0.873172390006817,0.0524332259626089,0.0147489886576597,0.963162069667912,0.0521197914373064,2.82213939583604,2.33213067355382,0.0228142449558704,0.00220205841265983,0.924943411437318,0.0447454501852242,0.941277061118013,0.0281410489396116,0.0303885661806351,0.952980378380896,0.0373153101937846
"5",3.02089103768404,1.77570622638744,0.0125734785475279,0.00222627159401824,0.953051207296482,0.160916989891703,0.818306731860272,0.0561448416591687,0.0448258674159281,0.925563144964903,0.0563415291692176,1.92852971325191,1.61755683643161,0.0169707766160477,0.00246544784785496,0.952712147989682,0.260050591123392,0.696514043286353,0.0861035729649375,0.190956629690658,0.782269827777613,0.0478400622028246,1.15913256859057,0.757209065655237,0.0730341676895711,0.00716448756217034,0.892999441033949,0.0621037528917081,0.91281009687972,0.064731908332134,0.0132049170336033,0.964393254610679,0.0489180343883233
"6",2.79850506302141,1.81945988131166,0.0200121820723816,0.00239783308407955,0.931377877125289,0.232272690531313,0.73198064538561,0.052211040081291,0.054351811637398,0.916956595280459,0.0440627240476377,0.827204329431299,0.598707686770732,0.0993949506253038,0.00806405655939643,0.88774335545953,0.0276595265831866,0.943897126737526,0.0719758042999166,-0.000429376804562666,0.984747876191718,0.0370546448927546,0.991849105343103,0.688251868287755,0.0590387037077561,0.00499758177443478,0.920307293744768,0.0883138062655781,0.895533716418187,0.0452152790433771,0.00826716673910655,0.966214539759652,0.0564969964213308
"7",4.71291412869312,2.77564364617524,0.0159233168117522,0.00217092817583907,0.919503267100211,0.0678688091642198,0.917246256722447,0.0317589813018436,0.764037810741648,0.0733546456099349,0.106387632272681,3.05519308924642,1.97273821137055,0.0301082881658243,0.00189208939043749,0.914090686981324,0.0469986546359683,0.921168949931779,0.0795345061493924,0.0138680764358627,0.972081939852061,0.0309496262241493,1.67494423272956,1.07522700223504,0.0252560776581298,0.00355665994792964,0.943566415390372,0.176899442369052,0.79296010857746,0.0775746945099688,0.0797047413679331,0.884841443211218,0.0651967410087986
"8",0.977806989977324,0.867040613191609,0.0210371289493752,0.00566801219624127,0.944315557707708,0.156934181965796,0.800239758621375,0.0449034170697916,0.309161735912135,0.627653693581329,0.0428749205931238,2.55256248873313,2.4279779771681,0.00874553964682519,0.00169564810095988,0.959446039677814,0.0650803921458673,0.902940676564445,0.0602117227889773,0.171875530670902,0.806636729801732,0.022626030486162,1.11754974159117,0.85656237589606,0.0417629384454229,0.00531519727473842,0.927568602580653,0.0761825777169389,0.900995733060661,0.0530646195656058,0.0557879825490111,0.904436689303595,0.0805357716995066
"9",1.04238304556615,0.896803955082979,0.0601383085891698,0.00578643334955402,0.89600279204614,0.0434083647418836,0.919939911750349,0.0866158908899141,0.0589796069539638,0.90136918851526,0.0748526058338822,5.58521930144828,2.25440323785795,0.0133431297488209,0.00179225682239272,0.93075442787858,0.0429233819255955,0.950846113081144,0.0160965426822206,0.103977794442016,0.850930496695896,0.0491852144866013,1.90953303514096,1.33091648546926,0.0290577385219704,0.00349359464786401,0.934895848331213,0.0810632761933032,0.893866886410464,0.0686175721127062,0.0540052461319683,0.921257789814846,0.0493131764101217
"10",3.6353201017269,2.95242751707479,0.0183251508912929,0.00185132814412106,0.917765051576524,0.0672297862928668,0.906247914635484,0.058274095259949,0.13906612247513,0.843816314454986,0.00814026357895429,0.949002927266916,0.607451511764825,0.0379749105656776,0.00698203451891051,0.934883996569046,0.0579101635432699,0.928912572707525,0.0283907895386898,0.0899930942444814,0.866088104632018,0.0632841824098865,1.05477649010359,0.908275023787417,0.0411866430319877,0.00478422712094149,0.929980061734828,0.0619623783617241,0.901904602776039,0.0785439355742954,0.0246410927691674,0.959899268860216,0.0340021762843905
"11",1.64100594158542,1.78403261812216,0.093678528922966,0.00297064987328834,0.830178907943076,0.117417084868643,0.845719844103139,0.0980275245558795,0.00430648980489692,0.984583227094105,0.029019882749878,1.18183890564332,0.714247833428184,0.0373439425240567,0.00721867236279171,0.929374454265534,0.159140456646026,0.818431694753555,0.0585480676349624,0.0373091079232146,0.945591329680295,0.0280542191903768,1.30334093265763,0.996210862385702,0.0523199515198499,0.00475297920028145,0.908706796909333,0.0150904543599057,0.971382662819191,0.0337926929581577,0.0314313287239799,0.944020482414324,0.0503333681988907
"12",3.49243061418715,3.08903862144732,0.0163900931362928,0.00197822492924444,0.943553939756838,0.109760913805405,0.869983072290584,0.0628272459260822,0.0816313877934616,0.899917084029477,0.058975180066553,2.81623822168658,1.74723541863507,0.0201923804338316,0.00270880832452602,0.939792638635163,0.189677900306028,0.788305828881724,0.0657185994430052,0.0353151099476099,0.948782656302495,0.0305676368044117,1.07055576558274,0.756092777519338,0.0382998422185692,0.00490000554121454,0.934621023168222,0.0912323253781729,0.858836526526924,0.115334549204067,0.0611745962453781,0.894074370482833,0.0860195274594278
"13",4.78596138447375,3.41502868734114,0.00936147380566025,0.00170113687135522,0.929392905230286,0.0647956977438373,0.917988195713705,0.0181238438295889,0.0965746216626955,0.872668454086612,0.0309462046999412,3.0569354137687,2.26245089443469,0.0171658902903258,0.00233739151492671,0.930192388884921,0.0468936334459451,0.939187486486712,0.029562335011562,0.138257137258779,0.810447684575261,0.0805564687227251,2.52078183632996,1.41517738529336,0.0212725060963885,0.00356524522783482,0.933395081108739,0.107758657244621,0.884819931769309,0.017490313366869,0.0395423743162602,0.936937071540327,0.0394682419256728
"14",4.06075254315619,1.76501305619623,0.0152973210910238,0.0019460361526626,0.943729571160142,0.143233035705478,0.836439619521629,0.0722720128717232,0.0845061093818326,0.868126396880828,0.0695661515811342,1.28905837553309,0.724601557991756,0.0347604800146823,0.00488846913295806,0.941794114781772,0.163124728457473,0.795335029143121,0.12345840255646,0.0467101105666482,0.914964862070783,0.0768862228336766,0.217524311973552,0.176309241005483,0.166154608754066,0.0255716952321969,0.914158875204473,0.0116734227257443,0.954082212836307,0.0862072546407754,0.0424433620251581,0.920698335827667,0.080227097878627
"15",4.51170397236103,2.62328643032241,0.0313685518771592,0.00255519577774615,0.904983497823786,0.0703886917473125,0.925069718804751,0.0288050905368527,0.0832867640560753,0.900055817496905,0.0416237669426852,1.29582266219754,0.883461769722685,0.0555219673427405,0.00624972938344957,0.90691091244161,0.0578383861896529,0.920155684763173,0.0550976850462872,0.0149193640834937,0.965421335658271,0.0434852422379871,5.03217551472347,2.76138596240257,0.015037758476467,0.00152826394195245,0.93444136681068,0.105188948424799,0.87554996162523,0.0480536515920941,0.066818661597333,0.90869600499499,0.0401551734251764
"16",2.52421142842826,1.39005972733855,0.031548801791332,0.00465424037280255,0.902610856537389,0.0428013910451577,0.945235338319084,0.0313226425210277,0.253634958638684,0.712868856497999,-0.0419294840253251,6.39964387725735,3.13116772921817,0.0122603711516734,0.00168958086407889,0.932429654627616,0.223015226656404,0.777496603285445,0.0131336168188621,0.133432970704046,0.838624679482896,0.0343298533607258,2.8925874674814,1.70318476287447,0.0301967419544556,0.00289436749684379,0.910839482471311,0.0810544904710031,0.893775245190057,0.0649362309649556,0.0715386887320699,0.897981512133242,0.044120432433567
"17",4.79951618438441,2.08534350328169,0.0216658757653028,0.00200567545906903,0.929317676724359,0.0655902403888942,0.923900792257497,0.0445456841735528,0.0538660747814962,0.927036208152115,0.0323618953120119,4.81934887115856,2.35440242982153,0.0154853580811687,0.00190943812116985,0.927325956140567,0.054472616706516,0.933454600087591,0.029971322171415,0.0314596039555255,0.949092904035724,0.0309572430415678,1.19435577764931,0.730610141217589,0.0262042020385933,0.00443382104810609,0.949430754129335,0.15363965525571,0.806353499989015,0.0919820449833681,0.124791675146925,0.818793758894802,0.0881609603510842
"18",1.37323983534911,0.777902269625462,0.0764925344524472,0.00572436202761211,0.867385407611513,0.0170150938199885,0.963360095273839,0.0507296144243712,0.0270735248682403,0.909807906457528,0.114888763040886,3.04695399631528,1.96452007348838,0.0175669487254131,0.00223059333119906,0.935862423694963,0.189936555509621,0.800774604205889,0.0196601712486204,0.184671112415391,0.776941911318527,0.0262890759312871,4.60429905411039,2.72771052993917,0.0111984373731991,0.00178657238111031,0.936580640923611,0.176497935587099,0.800137817931166,0.0333385124049796,0.140823825502612,0.837380583319344,0.00224773780150536
"19",2.42018210627144,1.17837002317207,0.0158389940284422,0.00245055647529667,0.946848599935439,0.178122842737387,0.786466866779583,0.0765978357275968,0.0537255661485654,0.911536848367515,0.0441541318940914,1.29106876605525,0.699459615553594,0.0541846488179152,0.00508252751961054,0.922918305042933,0.104795736243431,0.863274605054775,0.104977141887698,0.0178282207093517,0.953494453307584,0.0627655681419382,1.08884578985354,0.970645659606073,0.0288939027582045,0.00554844562210918,0.934801141990928,0.194985036702007,0.766711407947992,0.0498204965350308,0.0918701768702609,0.872176873338407,0.0609181693582049
"20",3.1144368150613,3.155095253556,0.0135142503063863,0.00233379883688597,0.935771132898925,0.149871959760997,0.822434025291915,0.0367892633728806,0.108007405677999,0.890993610799337,-0.00856143358932425,1.2890338497733,0.962197912052115,0.0283577069580709,0.00457150085472457,0.937740901126491,0.150027185174645,0.812825635001971,0.0591035803049273,0.114937758782315,0.835102922209999,0.0840940243236813,1.18639445855477,0.859819942604028,0.0612235843070103,0.00575534781526208,0.90631287768473,0.030383445963142,0.937499396202154,0.079393021646029,0.023075546597317,0.958286882901416,0.0407704585522146
"21",2.59697500442541,2.36125542675736,0.0201676080324012,0.00175837781149693,0.938504506454826,0.0673427156308012,0.893293159506528,0.0827003026272949,0.107090902884107,0.851398180037984,0.0742960779122452,1.21556699711103,0.85036197254654,0.0514312600166997,0.00734464731936114,0.914095167009138,0.136743113783971,0.841973980755179,0.0477272062591962,0.101876113526041,0.87379040117959,0.0366924283058646,1.09747239566733,0.895338531299727,0.0720494576142431,0.0059375573815233,0.892691108511989,0.00299430421914318,0.985694622449511,0.028181371022459,0.117596205904776,0.846519716124723,0.0690264775305991
"22",2.46927595187304,1.89651394396334,0.019509930225757,0.00227158586543142,0.947469198414743,0.124335009381211,0.866959294268154,0.0386588991931465,0.112607353707456,0.873864689676953,0.0415322094220689,1.08850186675628,0.979711258459866,0.06432064052807,0.00526889469653646,0.893235775719891,0.0271264565168689,0.958630541558136,0.0343906717137322,0.00320592129723448,0.982970091764203,0.031577152766394,6.53848366549469,2.96410846954494,0.0144051245620298,0.00172314033918632,0.927125278060456,0.0793960777465032,0.919674979263204,0.0109415323237777,0.0405350321538009,0.94345403604635,0.0267550704896069
"23",2.57853077307158,3.08720908738298,0.0195335476725747,0.00174382173027152,0.920505307049936,0.0922703029585695,0.874091709143939,0.0473803227180267,0.0461233826969255,0.933840172352739,0.0396810128569677,3.77666912885063,2.43299862644026,0.0141041951941265,0.00261780391469365,0.924071125361822,0.236881781649988,0.726394472835794,0.064605501863783,0.707703153605737,0.226228776447561,-0.107678814867529,1.29445482443288,0.777018742136748,0.052747159833516,0.00536283144772364,0.918904106935278,0.0426149866696001,0.935112706539563,0.0605724725833895,0.00470817294034879,0.97942611067447,0.0352435806846681
"24",2.51310725461792,1.8662309045262,0.0164934658069244,0.00230200921123453,0.94034513967523,0.0614576238428951,0.911807904792769,0.0561635403608569,0.0475957928556043,0.919853591771575,0.0561462425436452,1.40324203040658,1.29968973579058,0.0539094519680971,0.00448851996405806,0.893371490760715,0.0619788884349224,0.913438984927802,0.049853328089665,0.00173246078982801,0.98561059015613,0.0306406276106923,1.45539981409287,1.00931335298109,0.0267938789266136,0.00407577866829374,0.94128875990399,0.0830699359146378,0.8994796070785,0.0407002434012851,0.155546569134521,0.81328304584233,0.0352043711280735
"25",2.4426371214168,1.52378611946814,0.0197483100683396,0.00337704923708077,0.936366839581646,0.586133033948163,0.367235208814373,0.116823818312298,0.127828979037923,0.846767031582326,0.00853411738055883,1.30499658505533,1.15307482014216,0.0392410975573213,0.00458589722175729,0.919412553967654,0.320737839172722,0.634768507248686,0.0526789413009093,0.0132194856912317,0.971717973131738,0.0329365242753907,1.07095384507156,0.661099747230255,0.0578292506506004,0.00667952756657406,0.915929736882106,0.0855410616022286,0.896271090481336,0.0539905865949606,0.00110155644553168,0.991041593031924,0.0179269932323455
"26",1.70207641809031,0.94891350250411,0.0287734366521885,0.00291743038480355,0.945768109520669,0.0461669143835585,0.933383280302879,0.060632022641621,0.0503498996484346,0.931133073267271,0.0349614179245519,1.16437236043162,0.881594596063941,0.0395915284035072,0.00490054281215299,0.926153712078825,0.0825180985640578,0.874874786984129,0.0940927018194738,0.0372493956154574,0.924802253557284,0.0778624745447027,0.932920921122358,0.823439394019611,0.0650287936581061,0.00660514415259349,0.900519966436608,0.0561444890284046,0.908847692362903,0.0754409538288714,0.0180569654466632,0.963956364851694,0.0389077818941013
"27",4.21540358382746,2.7128210060963,0.0251158442270922,0.00208311228132994,0.897775164081767,0.0761569862251971,0.909231685750562,0.0312955380680675,0.0137644558685979,0.97213863514055,0.031796260460544,1.19791434326722,0.754146478486263,0.0484362479698352,0.00502000313397091,0.929439467757693,0.0438026675457771,0.938627894289119,0.0533864945350634,0.0302874589990568,0.947635006512037,0.0490661300460466,1.06693196101262,0.654188970832216,0.0581203278325421,0.00733964002812525,0.914784422716932,0.0415767397467126,0.925795895472438,0.0887424732533502,0.0181408619395463,0.96207798514152,0.0412337436977193
"28",1.22305735254221,0.955122741899525,0.0518842387988353,0.00556118574329471,0.911648098302723,0.0199420382637481,0.957517041292637,0.0590508261728318,0.128908576896,0.8345383497952,0.0505667735011638,3.6822808524776,1.94558420135852,0.0465118056457082,0.00287873913408691,0.878497349178872,0.0496127969357446,0.941037635551837,0.0356497052751436,0.098106538553234,0.864625302138375,0.0771544444204196,1.57874542359617,1.17122203690016,0.0222498517379461,0.00323183493630017,0.946174410606632,0.2114533187338,0.762191239121784,0.0539153094175738,0.2075156909535,0.751525249482521,0.0518713189418818
"29",4.20298241161482,1.92789800246538,0.0111367867226625,0.00201765054486588,0.953802479459093,0.0763228080862442,0.91337752163112,0.0333335694613747,0.242730857733338,0.689835674579616,0.0643557525280516,3.90002985623976,2.1618875499635,0.0165061987398222,0.00152521358416232,0.940956043055316,0.182037975697997,0.79550347186176,0.0635230610619233,0.0156082663139727,0.968677238058441,0.0330840967739749,1.03845535646024,0.766502794344302,0.0348058246310695,0.00567568708923499,0.936518861062755,0.0501383140423742,0.925685229524877,0.0549914128209014,0.0292474554549927,0.950810508134687,0.039615258046538
"30",2.53277338384969,1.56025921704332,0.0323738125353044,0.00312386929008135,0.923740607932187,0.0702665429633802,0.90715790093483,0.0767456830467457,0.00544999085728671,0.984449933155485,0.0245995072626654,1.53860009140175,1.00160226784369,0.057391945344719,0.00427817462749853,0.900741189773772,0.0191300098353349,0.961345193602889,0.0503144148197783,0.0602588557148694,0.907816800563397,0.0614347035833927,2.83536276555905,2.560290889924,0.0143880985178708,0.00193594711857307,0.937889312104608,0.0762303482268891,0.896710150097735,0.0453886379845653,0.0817774248507567,0.898168324615889,0.0301778883131475
"31",3.20842248781558,1.56124403502011,0.0146848839802425,0.00296083812313838,0.939864101438048,0.12548102363248,0.871624224813352,0.00488116764511893,0.0334529265791581,0.943245161571838,0.0379058126803525,1.32371954689257,0.818253812311986,0.0279533657231723,0.00448125520154474,0.942946732666057,0.129105349989908,0.82806576022114,0.0971879417812662,0.139828830671039,0.792366021297601,0.104732643435621,1.04472673806421,0.754747125631543,0.0535329303554754,0.00459428386886921,0.926727779791112,0.0495117641506655,0.919281375131355,0.0847934133031748,0.00207571620898993,0.97867100465303,0.0463667205026926
"32",2.78900741670742,1.47053878846897,0.00908544804244097,0.00243459229812308,0.962789309381603,0.0687975049129803,0.917314929235236,0.0421131966749987,0.369664745236532,0.556449692083955,0.0353732157679092,1.97067891493999,1.4554605566584,0.0568811451810641,0.00395506589043936,0.883598424919462,0.0210836737307981,0.957325446949076,0.0565116561910961,0.173192533906688,0.803003743027288,0.0427118171292599,1.18485999747855,0.874220193696686,0.100037766215731,0.005007797808159,0.858528187370211,0.0891256222111683,0.873717560025558,0.0889049125080932,0.0220804630619341,0.952596031300822,0.05787066289973
"33",3.26367359735746,3.02540020079211,0.0101235488619645,0.00178499910653437,0.950879459570982,0.0979415426542204,0.872304804687483,0.0570947660750862,0.171289576917504,0.80220427663162,0.0459794573652476,2.02588988976134,1.15111415668453,0.0346089271257586,0.00375642026091607,0.926267004017999,0.097700089664864,0.875433290924766,0.0806768980725441,0.0120767306517348,0.969200081604715,0.0415268762713706,1.2804958361973,1.01449366835255,0.0548254368172671,0.00524305334697786,0.908242586867615,0.0400724670128854,0.941119392939885,0.0443760717764191,0.0189481622389847,0.959833482970691,0.0493631297438176
"34",2.39842996607629,2.84763589344579,0.0193135127913218,0.00194292903687368,0.924224468173318,0.0489368360240886,0.908405747311197,0.0746090855497494,0.107493606746065,0.862618958706076,0.0503173285817858,1.52382766086141,0.948840551769155,0.0230265170284888,0.00386841920095085,0.943330636488813,0.0774565773385383,0.907246589180023,0.029013923329886,0.126720299070797,0.814383718939398,0.0809786553140224,1.18124335176309,0.791148284209057,0.0634484175552565,0.0057101928893253,0.907042157349644,0.0706380137951458,0.898767894362471,0.0847743801333158,0.0213292023425438,0.951383693635256,0.0618319768275278
"35",1.63959366738373,0.925045741987034,0.0107243255785957,0.000281573644644022,0.985005637192856,0.0151854799286731,0.948383869715059,0.100991869159389,0.00588937912470151,0.971086130339956,0.0550973562819174,2.38538198799805,1.4279112102928,0.0330599966337726,0.00305813764081385,0.92450719256258,0.0623731664649015,0.919207574394744,0.0551284272516218,0.0116764030470926,0.971047916483545,0.038603699794551,1.2006505661035,0.736372824584676,0.0389044992809679,0.00573588987022848,0.928474334978674,0.107439979749816,0.870271418452,0.0524878315580391,0.0247887315482404,0.951425514605174,0.0454537197669281
"36",3.21511152216891,2.08823043534915,0.0105889278954493,0.00153907710016968,0.955451859057693,0.0650255716948649,0.908757152691127,0.0513368012948133,0.125074656274341,0.832087160991042,0.0430462443109519,2.27381979245787,1.32509814947956,0.043916983656149,0.00362278397656379,0.895975139164211,0.0308470225892909,0.945308603509849,0.0573046811972637,0.0447698477992156,0.913101972800855,0.0847406540564758,0.783746673994172,0.474883233800618,0.104861522701712,0.00990772367049897,0.900134191121553,0.0103996615125823,0.977163794752711,0.0372026884957594,6.4484996224383e-05,0.980692699826993,0.0473683163105175
"37",5.75192351927276,2.64441475948504,0.0114871462989231,0.00200882668627422,0.933581418352694,0.154914717020414,0.836230351599287,0.0213367651916423,0.0884750577961289,0.901048184719715,-0.0094350148969476,3.34758447955406,2.20862584549049,0.0126597954960393,0.00229789115482972,0.943604377973803,0.0702091426966078,0.916785190341724,0.0244192201881085,0.109264387681456,0.866852502045434,0.0262578285823099,1.11619347177638,0.90801837396009,0.0573511493340662,0.00496845337183859,0.912728050310474,0.0509381671331805,0.916964316063393,0.0773362960736645,0.0110897828332552,0.968555404001105,0.0494924136323474
"38",5.22009409346755,2.4379594452344,0.022166964308665,0.00110796449234576,0.920296735843913,0.0738439087343015,0.900744093343826,0.0752010023465814,0.0257782831290801,0.948833930419001,0.0476848510684163,4.56583397615325,2.74209798499684,0.0232029392309301,0.00237710510135409,0.909878632805184,0.117827769926564,0.877455541971813,0.0190666051276645,0.0970795862166992,0.880442000963649,0.0413997638314086,2.6266634038789,1.72909445220716,0.0179687855858668,0.002643212425042,0.939205499104961,0.0534895679815287,0.927671405178147,0.0437913430577193,0.154165904537731,0.820081227134226,0.0144235351201636
"39",2.9334966734787,2.14522981929971,0.0145393881387525,0.00237673116210315,0.942694302932104,0.153060665336912,0.839357029638473,0.00964651211208646,0.116745743852567,0.847202340390985,0.0598947419182197,1.46876593458226,0.93762454454445,0.0593029149500692,0.00543152664296393,0.895611180373869,0.0221520482904722,0.959978234257118,0.0477590745491134,0.0928732656663022,0.868160351363914,0.0597297336683646,1.16382330870348,0.821097695706402,0.0648487509303398,0.00623549352927058,0.902107486886717,0.0482116356548798,0.927416566404054,0.0624191768845936,0.0460764440866738,0.924835999540337,0.0612372659403798
"40",2.43653281291562,1.33291966069097,0.022703745616952,0.00240589111210748,0.943497707451099,0.144773069861636,0.844165816753221,0.0369207213760606,0.103945072424586,0.866203663731999,0.0461525873290242,3.07860561210585,1.35491286185636,0.0184039445543107,0.00259238978512666,0.943196272575074,0.0927516465738918,0.893143738813655,0.0473880462981811,0.0322051047796602,0.950393110646613,0.0240508702428107,4.44610844508159,3.28163007440211,0.00947528631043207,0.00189766496327533,0.938076090157554,0.322172206166744,0.646506159171381,0.0201673469815842,0.0320949257350462,0.956691496475456,0.0173329438334592
"41",1.26056907977072,0.784458178434717,0.0486170901410221,0.00666713711767801,0.922982940384653,0.0267805104159962,0.962589265789092,0.0295845851666683,0.353273434267136,0.632868921515562,0.0118922378761902,1.10472151095352,1.01902630873119,0.0286209766317765,0.00510202737569025,0.933088298110657,0.137028059809045,0.830022649014009,0.048208045591036,0.148191272453137,0.815655213799793,0.0483407971761602,1.71179998880296,1.31247622521083,0.0188817831377751,0.00358310084862225,0.946737855226824,0.127588849693309,0.848116180952068,0.0493298546580714,0.0959911925070639,0.888505890303358,0.0115965558762122
"42",3.31864972854683,1.97279294848092,0.0306609381389025,0.00273172734583251,0.921409458243746,0.0544297830659624,0.936811174890169,0.0404223867342308,0.0125883329977309,0.974032150713386,0.0322927219224421,4.37673951048353,4.28664461388793,0.0130126815956627,0.00165441889949417,0.928077903070226,0.120782078803761,0.858032093182175,0.0253810084500258,0.125396703613255,0.851370418459082,0.0375447808607258,3.08579369212257,2.27195166932611,0.0158693722553009,0.00210062157179724,0.937535100989758,0.131244695857905,0.850279723409748,0.0318160912790055,0.0542591353358455,0.918664903416839,0.0518581382327805
"43",1.89992968732107,1.60949471787077,0.0358947420261,0.00435716040648558,0.908080196234429,0.0188129137381208,0.971940169683532,0.0211068271952962,0.0751994636562775,0.908982661484185,0.0255655788004021,1.52685034670654,0.63278874974268,0.0573970071406758,0.00667950188242235,0.91445757446328,0.354708693625907,0.658217150880831,0.0727868577934227,0.00839405652955083,0.962478879679535,0.0580995656419558,1.83386446667867,1.56414164162895,0.0525878496090598,0.00362216038179891,0.88598992207522,0.0216924850976678,0.960116416761909,0.0447837192742965,0.0296449325273064,0.946432531913943,0.0559630003144439
"44",3.44009282876591,2.68231727422929,0.0168335768835483,0.00249498215463084,0.92432412170502,0.130923695301096,0.848783750075712,0.0356080485577119,0.136071317602176,0.826602244295473,0.0612954829161047,1.12599671338452,0.841183535432475,0.0335541686644757,0.00537347075493123,0.936036286824764,0.183547286274788,0.777198148093838,0.089647746948382,0.139433261651967,0.826201731313918,0.0314110966657163,1.1125150717864,0.775857415612896,0.0448550372534566,0.0056326532809119,0.925994568382679,0.159163307610238,0.792437571668308,0.119926903132084,0.0650879637674267,0.889143425551574,0.0907557376071218
"45",4.83521296658421,2.74771146768451,0.0118917140627458,0.00220670793946014,0.916112586677388,0.38473806943796,0.633920518050088,-0.0993032168264479,0.0714639332519045,0.908396544561802,0.00911928472019756,2.94181779042431,2.03886361337609,0.0152541849645916,0.00232994589135767,0.93909035037445,0.16549313058843,0.802409312546483,0.0599314214092738,0.851010898313815,0.00158418064985955,0.14882461949117,0.576861048711925,0.473205662940055,0.0559124595783284,0.00777848106283648,0.93913055193495,0.0680189083964103,0.902692823109082,0.0685860816335026,0.0482400904530374,0.905645390603216,0.104321924742883
"46",3.94044648096459,1.91130137449539,0.0214714379299785,0.00178971246023775,0.91571705875135,0.0409598608718637,0.941252106299059,0.0438954242474953,0.0507071279249897,0.90466312871593,0.0708061794709264,3.57114787658623,2.97119602135664,0.018037421197654,0.00204211425258992,0.925686817405953,0.154323769384843,0.824167591438523,0.0398536409252065,0.033706029193299,0.952004980589239,0.0293718385065464,1.12432772434897,0.742381429115688,0.0472331848272291,0.00639025227993749,0.92752057001052,0.0891015673897718,0.88821570949914,0.0665978022566657,0.0101006074768816,0.970028896435057,0.0464162487511217
"47",6.10421466435905,3.83313046486008,0.0125245285672701,0.00172242593067676,0.918411006517558,0.22531251972128,0.757549056548498,0.0264261779172326,0.2647935505623,0.672375298541949,0.0392562027653145,4.64653011729671,2.72283616188897,0.0183434069811896,0.00184069599776573,0.913977167027173,0.0551125327590917,0.927517781744467,0.0363118478089353,0.0466494360741977,0.928431572726217,0.0398210395109017,3.58890609178885,2.11597571973707,0.0118464363931067,0.00193475015670977,0.94378946514043,0.10670242275048,0.866462475915285,0.0528011118009857,0.113174736293029,0.847609871695657,0.0405707376238465
"48",3.58673922782624,2.66674538352229,0.0252678404891921,0.0025296687650054,0.897797420258738,0.0742280375935951,0.902241722226997,0.0439562384529598,0.00548219721950749,0.984597834864215,0.0223146822530138,1.63338790650329,1.22827581752201,0.0337607115609969,0.00310002938242676,0.927372974165441,0.0799464435941173,0.894478693494337,0.0605913986665442,0.063361826026879,0.911218324986081,0.0442354142517908,1.42669982784085,1.00944586541223,0.0340716010644516,0.00503153383508403,0.926835301273193,0.173970251507818,0.778044567939132,0.10746357403834,0.117792788740159,0.853474224701177,0.0345719641905875
"49",5.53182980313343,5.31636378667852,0.0264392830055616,0.00161286273902276,0.890838948032771,0.0528775789763545,0.943778978923466,0.00987404240248183,0.0575303191770365,0.925658364437697,0.0502383311522634,1.30394959434433,0.912111794173183,0.0478174772455353,0.00577985322049318,0.915913577021364,0.0968660967823697,0.893525844885145,0.0223875095329159,0.036451657332676,0.938526412334825,0.0537440272277003,1.80360146575527,1.2610884510973,0.0446894766057166,0.00451993366372092,0.910680481427592,0.0689335471867285,0.919047107329598,0.036283352365889,0.00562698501704282,0.979151158102979,0.0375568426049307
"50",4.22047758137854,3.74223368316492,0.0165205474386499,0.00161098488350386,0.922241467858495,0.123452365657222,0.852378792812607,0.0411531239397641,0.121434380011617,0.853404860138996,0.0380269718078721,1.07455851256345,0.621193386280786,0.0870768376721076,0.00626223536840492,0.902549303066278,0.054750722393074,0.931997939950377,0.0518567337117573,0.0972246641695125,0.860860038857202,0.0856629867524096,0.991849768633163,0.659606610177414,0.0294762325186145,0.00589865360905866,0.946661261427736,0.157130083897459,0.812657417043206,0.0657558918858997,0.05947865963437,0.900161470427044,0.07265409093311
"51",3.44180600912629,2.39148792508696,0.0630981554143877,0.00186250364992608,0.819844701168941,0.0206156583568999,0.966682929300238,0.0344420788628304,0.0480129988781667,0.919091502782716,0.0698169842490478,1.10860587880007,0.743175714723593,0.062357497801272,0.00599204263034225,0.904207366753757,0.056487557808889,0.916244327566846,0.0680916183924213,0.0378197161824055,0.924593573308294,0.0759126783903372,1.33326422802207,0.837190454400308,0.0576742833873455,0.00528699328550508,0.920426060075172,0.0544392097355565,0.927939522191146,0.0577236343259795,0.0142261577488501,0.964164281915303,0.0528255755754168
"52",2.31222338170145,1.32874427017807,0.0234572984480186,0.00245582451822207,0.938682437317206,0.149514612684203,0.799160066684916,0.138293654529462,0.158846172539416,0.813160418391659,0.0131995104922832,1.54535407586949,1.04288209915261,0.0752802754975169,0.0049746142220531,0.881486504998206,0.0591387225050627,0.917842218574635,0.0592058212244331,0.0187817822426433,0.9504456088425,0.070092903332206,1.2616908974258,0.83545485156612,0.0453238288858007,0.00612815162498288,0.914821139455129,0.225023147847895,0.73115149715779,0.100838308974203,0.0662943339748701,0.905726424548893,0.0447094992769064
"53",2.3683962980202,1.91537272594191,0.0170574742765356,0.00168163743976933,0.950859628228519,0.140376746065909,0.815627027693573,0.0920444477754435,0.101897659420254,0.872961400890963,0.05242739346507,1.26599652534365,0.939540223015915,0.0516652265494354,0.00477961943709202,0.910494468005396,0.0344687768421032,0.936027885659785,0.0706046997780151,0.0412734479983686,0.932809220644704,0.051303011189176,5.60778562628085,2.46215377103872,0.0146082484761363,0.00174811911419345,0.924082690840537,0.154019829712456,0.819197601611669,0.0578896588666369,0.0408642210038553,0.934341596449407,0.0349317821322219
"54",2.97437076844631,1.77053740052842,0.0112705759571711,0.00162452889511221,0.963416478744118,0.271551518503569,0.696291757477253,0.092257126330439,0.276744285084808,0.703632670366615,0.0289449308732266,1.17657416928015,1.07172797434522,0.0845967482274609,0.00505075587782005,0.877623449374903,0.0497689798013325,0.911489591305743,0.100619742805013,0.00978950938367264,0.979805653393685,0.0267029742782639,1.07741446665678,0.792407544463835,0.0692103384489968,0.0053641985097199,0.906302534904506,0.0380407097444039,0.938769458414346,0.0623355795637973,0.00811336949076479,0.973663109259765,0.0434628284948011
"55",3.11570990913084,3.28221514936262,0.0127713572716937,0.0020275766845562,0.941080320219393,0.23473409323231,0.72918512969556,0.0589664702897469,0.187252038944864,0.813946718463087,-0.0181324638924964,1.21162204848513,0.825499776293003,0.0434882683618989,0.00625124489020199,0.914612407920451,0.0737485385751443,0.902461990745983,0.0493156611475424,0.15793461116134,0.791442077458425,0.0650596685850979,1.56810467703122,1.29523863039233,0.0204656566311393,0.00433212148379678,0.93778038567181,0.127837350873032,0.851579104351854,0.0276252337212377,0.19890302210619,0.770596245576723,0.0132657318327775
"56",1.20716136272084,0.701529886482534,0.0389587983819303,0.00557112356134729,0.93585709332772,0.0774515892828517,0.892773273346108,0.0791279906897358,0.115544684346056,0.819789595522179,0.127139056606009,2.77675033218602,1.9713090010792,0.0189270926831823,0.00269604612437378,0.920530685298736,0.0576004427044474,0.925571806722411,0.0256983996883228,0.103590422062003,0.860832878494111,0.0408626251350697,3.57089871628335,2.84429986489311,0.0148845918180918,0.00211310681803125,0.925068970516206,0.13298198123248,0.835781268818332,0.045385527078178,0.0511636570794096,0.933401359323191,0.0223650387494424
"57",1.08699002164678,0.75849599676481,0.0376542673162748,0.00648641557975752,0.927945428557729,0.8157986939535,0.0829561731989825,0.197512654731779,0.00289780208838057,0.986998268751535,0.0221856283088152,0.985317962622687,0.761848956899651,0.097899073976811,0.00670746630188527,0.885091347242047,0.00859526769574584,0.973807966282945,0.0477823320270221,0.0769476093831864,0.895953559481648,0.0690588453467662,5.50661486550336,3.13528646604154,0.0118927582502596,0.00179400732590439,0.933954403459477,0.238204328065089,0.747550801674023,0.0242799228713164,0.0551326181048582,0.923812672814013,0.0360176927614632
"58",4.10585178530212,2.25681027267646,0.0151264207718928,0.0025838675578176,0.93573707874216,0.178749588044817,0.814663546264437,0.0192868594843302,0.218870187391125,0.750251428352403,0.020985233188032,2.05044180876519,0.963081040115225,0.058214601718864,0.00431386143703198,0.889001558627077,0.102239039372753,0.887065446930998,0.0406812321195491,0.000479247121182383,0.985949811738848,0.0308486390016525,1.69866998874823,1.31731332937637,0.0398581486968636,0.00330930362789523,0.905313001848157,0.0378611442862663,0.934173896682573,0.0587604323654297,0.0112731520036277,0.969051539847804,0.0417801214465863
"59",4.67914427163064,1.84292249044597,0.0201776722784823,0.00163548935271283,0.93362875020479,0.0515765073206299,0.938541743057456,0.0379669625962411,0.0534135736453679,0.923736968822046,0.0441902142153602,0.449993167912074,0.292737494835199,0.142135789141944,0.0117926540367039,0.908739985151689,0.0211768002224372,0.942995293510912,0.107353894791705,-0.00209710479568817,0.96713284428685,0.0875183956214696,1.12916077428765,0.812979880081184,0.0379678543083871,0.00587761803933363,0.92671092997776,0.100959331839332,0.867072673016054,0.0675743627957972,0.227863649370849,0.707655518345183,0.0722254896296175
"60",1.84017865836405,1.0322608607882,0.0635177983199224,0.00386314306615406,0.895159769188749,0.0292435696274556,0.952661514114294,0.0542393698583885,0.0236311935557904,0.955436093616932,0.0467076628616613,4.72168475348201,1.79747870286179,0.0159330230651331,0.00260768416206417,0.928676400591586,0.267858262071827,0.733070622904477,0.0208185525100541,0.364162677389124,0.552231795872504,0.0071558783948714,3.42368183724056,2.26175213184653,0.0139357748769363,0.00133858925978481,0.951430564105987,0.104517506706655,0.873769190077467,0.0509151199545933,0.0171019982742773,0.9637761663895,0.042665038767676
"61",1.7911507206341,0.966802367661974,0.0299474753982229,0.00418928841486172,0.929338437152801,0.0981487537023648,0.880357788606675,0.0426609664359779,0.120246805922968,0.798778854427734,0.120232955065579,1.34502107673729,0.789316658688005,0.0781326875497902,0.00712763456127623,0.880556914179332,0.0402663313157599,0.946439172355396,0.0369009557492299,0.00330272474097027,0.976072645445118,0.0468706599339918,1.34873978525469,0.817740561533446,0.0569665629465704,0.00577460429608755,0.910302020381109,0.0558253197028503,0.926480046222295,0.0513386272914332,0.00714395658714345,0.976805001456793,0.0360695054259589
"62",2.26129582510249,1.47218713219193,0.0123385138055922,0.00210329080023184,0.9570661350155,0.095730692251609,0.890314823005745,0.0289686108075888,0.216571907596394,0.732936474118499,0.0611460107179565,1.76834211569148,0.987490913674943,0.0193757587838988,0.00463120703109121,0.93873923948876,0.209790909826846,0.758790751387041,0.0650558536999003,0.203813470279809,0.719601730652263,0.068622235999612,3.68214573189578,2.19682789405559,0.0221330354303539,0.00212579530296109,0.924694165647218,0.130502063007148,0.849357211965506,0.0580137402321033,0.0273090660356456,0.957951621389855,0.029787598137432
"63",3.99071245730163,3.93458867134158,0.038439338076059,0.00236874343910476,0.884413601904076,0.0238278510334108,0.962979565597494,0.0352436331548689,0.0769515645613346,0.910134996206903,0.0573709630589211,2.68487008800405,2.83952200462945,0.0124540410571455,0.00211091370256444,0.936321176232347,0.0466224653405635,0.915440620435958,0.0709307892131809,0.231223469370204,0.750422173910576,-0.0186986320363997,1.30227650185892,0.77869585103254,0.115424841685736,0.00599350826341832,0.848120900406418,0.0561916886289785,0.908838952163757,0.0983251092699409,0.00247064323608029,0.972956866038895,0.0589706053328329
"64",1.64468087164848,0.804638468773758,0.0307327619503891,0.00440937806488473,0.938636165491615,0.0528762286777475,0.923617529733659,0.0697512040013534,0.323837566595386,0.634257637942673,-0.0171444229641895,0.640805869862251,0.555346936629839,0.125680985628729,0.00716491126357644,0.888927627190703,0.0495472030937587,0.917176266927875,0.0869340288094076,0.000402649693596511,0.973313603677161,0.0679966963675555,1.87393649007444,1.22883386512678,0.0256126374808021,0.00346333764101798,0.93063784695932,0.127986840363599,0.837695613009378,0.0686754678784337,0.0587327775611451,0.904314117650034,0.0587431931448226
"65",0.95214631262689,0.71585404044803,0.0811439382576764,0.00750081620606388,0.895055475840117,0.0535955483508011,0.918789340549651,0.0670803750382145,0.00440408309853323,0.972455574464516,0.052543657161356,1.07654759946341,0.699360202535706,0.0248047073523241,0.00548192476390919,0.945090126838606,0.0970465562820687,0.899616312098491,-0.00532153630849429,0.0954868377235422,0.856935487597837,0.0624328803838885,1.38015621793883,0.812906055251469,0.0575941240041296,0.00575000623026847,0.908307897505067,0.036823057769212,0.941359528365898,0.0601846237462905,0.0743844993987293,0.870594417466283,0.101698072857307
"66",1.13232129410491,0.707692453376739,0.0427371744960636,0.00696981202966125,0.92763704407449,0.154996351527525,0.827075238455937,0.0478847192589259,0.192607752165877,0.748495091718211,0.0967755061847888,0.725832595774271,0.48378034566247,0.0693862092314868,0.00817175433754051,0.918598081865648,0.0300968353186526,0.942134888584137,0.0707703692419679,0.0221433603252709,0.942809738657224,0.0711583398228985,1.23208737649841,0.856056062310835,0.0410817835413029,0.00483085209030517,0.928173694042758,0.0965184869293613,0.871561349969462,0.0714721541142214,0.085632545721916,0.887773394056899,0.042773690207345
"67",1.10984218570178,0.717862616245069,0.0845726867470424,0.00608683017685277,0.885926899576289,0.0118835908012546,0.965694842445197,0.061970229995113,0.000529815353078076,0.972594662494218,0.0594449865272235,1.42365550872615,0.851754522105526,0.0659930496297961,0.00506687029213663,0.894672226654259,0.0428958626626652,0.93743855793396,0.0554945388233972,0.00296737987525525,0.978811058841033,0.041127859033568,2.84701372326907,1.69928394022091,0.0284524397614398,0.0022418359653495,0.915474773992666,0.0538480107039145,0.928187123996567,0.0403488154720253,0.029191769997553,0.946685136116088,0.0455001368069497
"68",1.13736241584139,0.576424958009913,0.0564021155913742,0.006088344406229,0.934898369458163,0.323870818437759,0.648122572945325,0.183170367604793,0.0292724776010526,0.941212594342996,0.067447524391643,4.44109973063153,2.31209936493816,0.016935089097305,0.00179733366756733,0.938812756515829,0.214604727485811,0.760568984412851,0.0999139784988319,0.179389810028306,0.791531217487526,0.0333943613760131,0.971590221164926,0.647720101138344,0.056522306822485,0.00587013455293799,0.930062249582874,0.0954801225130666,0.866947304700849,0.104879704354552,0.0231976228818534,0.95865616029633,0.0429903845899769
"69",4.40423038517906,2.62749703350936,0.0348580815326095,0.00212341312742317,0.883478709845249,0.027774794085592,0.951115473552653,0.0573656569133277,0.0174596707640166,0.96624708615869,0.0360171900868226,2.4621433052972,1.38441480595585,0.0361451521432104,0.00341980610736788,0.906229318351339,0.0704802947445249,0.91696311685316,0.0303515458899581,0.069817101173998,0.895406145633792,0.0538942007493371,0.317506668498961,0.301465283473538,0.155213051409159,0.0124489640014992,0.90688416016677,0.0131000256521502,0.937578481872403,0.12893599056411,-0.00176163247858261,0.981472881356077,0.0504171358819855
"70",1.56148964660423,0.956842716928788,0.0192806927135786,0.00363961125412472,0.942127592812041,0.0390939357439207,0.94130737836404,0.0385228926755305,0.129010709793721,0.823154391371966,0.0321895150183767,1.21583880296597,0.929840885512383,0.0489682918850715,0.00512114966207406,0.907968004138236,0.0965759960162007,0.885016587535975,0.0324191170231367,0.00178941047150142,0.984164613262905,0.031809856557161,1.0690693912311,0.695257628637399,0.0512903517543414,0.00625661731427338,0.923618740397947,0.0841429968602002,0.893068555389391,0.0575377922115068,0.0338977904602684,0.934200440285325,0.064538522929788
"71",2.73109833916148,1.83595579870755,0.0113498296681657,0.00144746439735102,0.959822208863954,0.0807073050305033,0.900670203973,0.0370518177078247,0.0835342751665117,0.864434492482296,0.0955747420744401,1.42179990621548,1.37901067911077,0.0273832104547704,0.00321601510820201,0.941422572869347,0.0318671652572935,0.939121360952079,0.0683701689520882,0.218700486289731,0.733311262910389,0.104068468395417,2.17871916750452,1.09769627735878,0.0318027067099287,0.00322928284239602,0.930794828774765,0.0461353152803579,0.932209633562069,0.0640034925424349,0.0150433763050725,0.964369987423962,0.0429055617192926
"72",2.71871015961212,1.8957063092222,0.0274203034490108,0.00266100623017327,0.925576605271139,0.136148622026167,0.854131696792233,0.0251340978883507,0.110216354962814,0.882834397259748,0.0203039050629201,3.21018137126896,1.52992163821559,0.0218703907774323,0.00285720197485857,0.933560805247787,0.0129233425017659,0.982308062198694,0.0132475845128069,0.0161422005351043,0.967454851228098,0.0341442456215002,0.998875838239528,0.867134608006876,0.042821701452403,0.00550166076811042,0.927203445154211,0.0200741700040001,0.965249677941412,0.0330510105289696,0.0827327915736619,0.874784121126377,0.0871985332703172
"73",2.61967808690966,1.51884871169812,0.0179262554948103,0.00237375466211241,0.933421564532415,0.0378055581249033,0.943218580377397,0.0418696933157694,0.0986491091251967,0.871006513286189,0.0164761099277131,2.54111679145889,1.70251950682768,0.0339545064577885,0.00295027767900406,0.894907846142544,0.0998267780086355,0.870516135239117,0.056433199429831,0.0185278307256163,0.968721210288093,0.0223283682766912,1.4312483720979,1.13234999939476,0.148841380431046,0.00487013303734667,0.767899260643706,0.118512724597442,0.847574728452218,0.0829934968869393,0.00540522232375341,0.979568626018238,0.0356263659955252
"74",3.92565176630082,1.98431453032739,0.0126311727842409,0.00228331356049327,0.932884760952853,0.182668246493188,0.804952733026332,0.0172914268797498,0.0660448929430916,0.907235064348557,0.0260018345364993,2.57487760051841,1.42746925412202,0.038174324268271,0.00256761445818271,0.905978972147827,0.0220236673807165,0.962278556747551,0.0412056103088698,0.0472920998198803,0.912675855163287,0.0732255872719387,1.24055964465615,0.787798099537218,0.045861290060183,0.00553526095049265,0.927851897025411,0.0375159612548959,0.942125158905956,0.0587152690271158,0.115509142119653,0.826231838686367,0.107136525793831
"75",4.46924156222386,3.68445267766,0.016308214016836,0.00183316438882164,0.916771240887941,0.0599706199464958,0.920590215561092,0.0373935440108303,0.0959523774097333,0.880911677820428,0.0334732970063578,1.48781570859252,0.968853828255487,0.0391762461635334,0.00535719942326588,0.920840452612319,0.195732845026078,0.814837521068037,-0.0241443465535157,0.0657240933608891,0.913612190747742,0.0316923190941245,1.195810493791,0.928088514192567,0.0544173780895373,0.00552946723255218,0.905220104493603,0.012151726886287,0.975712461601395,0.0298723272572267,0.192203545149764,0.761961028818273,0.0638386034344134
"76",6.29482973930238,3.52566802430745,0.0261671901561341,0.00219496781602743,0.880024770763034,0.316985602134521,0.681362410432198,0.0320384845307334,0.341033792298717,0.62370659280825,0.0252289416797531,3.5681214308576,2.30104719329993,0.016292176056018,0.00168667579358984,0.943370307778063,0.116211314063018,0.856027403914846,0.0762706179239945,0.148632069715672,0.834031119508304,0.0209908282649832,0.996031643661818,0.727336770225135,0.0796199359834617,0.00727579511100674,0.892968117619504,0.0520233871947359,0.921160021530037,0.0669820317294394,0.00335714222771197,0.977497220141031,0.0448819242286731
"77",0.730927980295624,0.593400966707342,0.0488541910383383,0.00715107794622549,0.930037685541805,0.0357883215025847,0.927485346507988,0.0789726723439715,0.0503788700303918,0.909854648720068,0.0738989600138025,3.8071577941638,2.46872991438484,0.0176578357058224,0.00197177993585367,0.925410460689561,0.0750623417654403,0.904762369743181,0.0411432821581171,0.060108040883408,0.913524175408735,0.0463197274124532,1.32245465482676,0.832082537904259,0.0341374682740066,0.0058557409205522,0.932835938959057,0.189685280066716,0.782389835192043,0.0662170758292267,0.041564829740776,0.936415500888649,0.0406377028670018
"78",6.03151572255564,3.76537952325951,0.0113974605425523,0.00178448818432804,0.939193423946629,0.410063270388687,0.584907549923411,0.0466759779704782,0.70060683627874,0.2362025013954,0.0773980800156478,2.54032666856078,1.72014192485377,0.0250199759871836,0.00312979160585742,0.924232531998038,0.0590345910812701,0.928378196162658,0.0309350621573351,0.110412963417064,0.848842066978206,0.0735023407591858,1.16674956103846,0.701002422026842,0.0801826318286457,0.00752942852584933,0.895343713627502,0.0647574410357273,0.91033952715942,0.0715831318497792,0.00804008575323848,0.972219928653076,0.0474322846523772
"79",3.49532172328585,2.78714019094142,0.011875890480204,0.00137659727320406,0.941151441317117,0.0557126483468236,0.918303541897526,0.0468302718388986,0.112713674729156,0.850141418678358,0.0516446651746573,1.16483902589658,0.919428427932823,0.0488265916857615,0.00663737571571163,0.907641650098029,0.0691998421170014,0.900314642077861,0.0671570048057299,0.01981529913372,0.962854361621754,0.0362922283696999,1.04685609291099,0.750989871978741,0.058734901535843,0.00558868606946048,0.915945546759279,0.0602896419359179,0.907068985396777,0.085321994048777,0.0285784465305589,0.928922151860574,0.0955078259232077
"80",4.2477477972469,1.89991947379429,0.00831207603992105,0.00132942331995985,0.961555182889103,0.0616537562551661,0.926364597873625,0.0312072723800111,0.0340516909732245,0.936114660573235,0.0522808460587126,1.12263214716383,0.777155116964979,0.0675276300463993,0.00617410586966028,0.909854095779482,0.186101243522552,0.781401042162228,0.107345035223569,0.139107322823803,0.851553248121769,0.0138948728231031,1.49982560717691,1.01994256292645,0.0622957245186271,0.0046816145311297,0.899628608419155,0.0471558105707676,0.925394634711431,0.0722217031184289,0.00845404859543754,0.975277568594542,0.0377015045564784
"81",1.21881121351879,0.816915302473309,0.021452112461917,0.00536170572059457,0.934819175417038,0.142652733283347,0.834790971313066,0.00603943980143366,0.174128713618886,0.77025916060698,0.00763158335252523,3.63703054021359,2.80508387515979,0.0278389145279193,0.00151966978748435,0.91669172672304,0.0481903012562917,0.929697197475141,0.0602498131982207,0.0395337418065716,0.939631538263309,0.0541914925331404,1.0698108919709,0.828279270893577,0.0463833857976862,0.00587242531024352,0.923812817147017,0.0692074911410678,0.906888015185511,0.0540098441681445,0.056514697576578,0.911581957869472,0.0681708954660555
"82",6.19709631775739,2.80676021471031,0.0127614923066047,0.00102548730696758,0.954209530099697,0.10846514889365,0.88447002551019,0.043150925123406,0.0218466024038249,0.962360220890365,0.0323196969534834,3.84196935683923,2.73163536309816,0.0149154377988694,0.0026271368217436,0.929439047023859,0.151385245210345,0.831175809918099,0.0241497498286948,0.169848370599144,0.809882481882057,0.0172553119739371,1.28942921730243,0.780111127395356,0.0561052913630566,0.00542884445270968,0.910521253462601,0.0313296608327254,0.945535005937646,0.06089874500547,0.0859017778550395,0.877414922304105,0.0713834222633263
"83",1.08481631539612,0.432689642230511,0.0661521633976193,0.00690490202384365,0.925728144817574,0.0491820860817942,0.919188586725313,0.105595269051088,0.0746710673433852,0.869658662696748,0.107092497714015,4.85993453399333,2.52015209977849,0.0182200805907372,0.00175287915210613,0.9203951353777,0.212715303817302,0.771389078107477,0.048368066015597,0.0517002602078287,0.922397577319377,0.0408099743574964,3.83627938492409,2.26914463246949,0.0170098236238667,0.00178653052937786,0.929610234675312,0.0651366055595093,0.917277788648489,0.0385843833299979,0.0702089548679611,0.905389566366205,0.0314304588395548
"84",3.90102793409066,2.7660445279486,0.011399701265979,0.0012332842216445,0.956890398043662,0.0746678397430479,0.897059659077238,0.0704089263017404,0.0681909635824512,0.914273468840413,0.0276703163943578,2.21998254680263,1.13329747514651,0.0245851376746838,0.00312681858997784,0.932423962844528,0.139315306538736,0.833788807214328,0.0712610393152759,0.0304265768771382,0.934945118815362,0.0589779270518355,3.05740799135948,1.79796317010241,0.0317725219110857,0.00285790892318471,0.910351841772438,0.122013333406515,0.84929719274771,0.0774991525302783,0.00765069603107613,0.980926367129435,0.0256787929805186
"85",2.22081501226712,1.39917878343092,0.0385856386792484,0.00379564019993942,0.906579845355056,0.0128563585880332,0.970136010696913,0.0426810254406642,0.401240873485872,0.521290301752043,0.103445642704534,2.58424454774021,1.2878795033759,0.0132751074205532,0.00363103338993266,0.946919408712322,0.0353700536399972,0.965634872008113,-0.00310784630711641,0.117265670893952,0.853482336057262,0.0175039755555242,1.52184081625869,0.899512110450203,0.0504527935683332,0.00551495006460355,0.912072618281898,0.10445395789937,0.880754694010159,0.0484605963465818,0.0212772151564128,0.953570657499407,0.0543016284779364
"86",5.27548115656977,2.48713649432965,0.0180669417150895,0.00157215627040056,0.933604031937837,0.156725616456911,0.834310272367125,0.0534728415696721,0.0376005743713325,0.943038244447713,0.0373984098232577,2.0476549115055,1.57401518246478,0.0396657250781437,0.00338584945781478,0.902462331557871,0.0310441522249465,0.943782700673121,0.0606843397877614,0.0516920054212272,0.927272216075072,0.0425584377062159,1.21004973296221,0.959752647619823,0.0370903544013347,0.00520624418020895,0.927086588424141,0.124494489308025,0.84645208456295,0.0619034433282103,0.0763411740515435,0.898677151371595,0.0378817272994914
"87",3.83147700580733,1.95911202608958,0.0215735662261725,0.00307579292079549,0.918438880401181,0.248213040819262,0.761463361587137,-0.000922855746224173,0.177444581973347,0.815205503640057,-0.0384656020168568,1.35069533576351,0.869723003235777,0.0447849426682947,0.00494927460338134,0.928113155700555,0.14218346424051,0.821256516012584,0.110930740480052,0.0252257993880815,0.946704122522823,0.0625019277371966,2.27307743219805,1.66859061635486,0.0321429590204699,0.00351971930453214,0.908414317121759,0.0123631645973166,0.973999831942519,0.0328623070032197,0.0794103379893419,0.896302660764525,0.0406830062353038
"88",3.05398937335072,2.57839638892638,0.0280524495719331,0.00297443468479337,0.890592577742074,0.0305911429698129,0.948758300599402,0.0445709772865193,0.139253711186226,0.833419135274433,0.0304361723987378,3.36011174289635,3.52055479739395,0.0288851081344714,0.00258110526298208,0.89499159348398,0.116506118167771,0.864747938161435,0.0343439488176387,0.0630405688305808,0.922759330905071,0.0362210880108101,0.937855046168908,0.617793718033802,0.0550433626625947,0.00519752254490946,0.93565338610617,0.10854940744468,0.864510074955635,0.0842158475689525,0.0164066077613138,0.944135216494585,0.0945707660520973
"89",1.71249173749805,1.12629823686528,0.0269582982601297,0.00264685540777266,0.930222547312109,0.0918284947439872,0.862545677067469,0.092714512971759,0.021139944947298,0.948339482955051,0.0587791151557675,4.93166340462712,2.84483230514433,0.00916242581218828,0.00175888061755395,0.935349004756602,0.0953321347148304,0.886769920521669,0.0230545360498423,0.131295028218985,0.825673407116087,0.0270700572152685,1.1143109339754,0.716733181132509,0.0525812536511678,0.00671909593445617,0.919393758270521,0.057323414500082,0.924742162166208,0.0456886650462575,0.20349104621173,0.737308467263302,0.0966748216833158
"90",1.97324647560042,0.881929805945592,0.0283258696591815,0.00344926463693411,0.93961944136896,0.0544900758473028,0.926740860388169,0.0577388518676982,0.275613493988071,0.621878521113161,0.0735183336880443,0.981187898288081,0.727036343947905,0.102212133869052,0.00742381967234816,0.879306798660718,0.0865240635269018,0.884773837943067,0.0748875419657851,0.00657197292754322,0.96961683641044,0.0585778884464165,1.08516800162663,0.7355084634201,0.0510353324625073,0.00574941575854331,0.920347101581492,0.078545048501319,0.893838702890776,0.0679477176124486,0.00736521485739658,0.97432993116957,0.0403550021220534
"91",2.34517589820394,2.11276472740956,0.0376820941099698,0.00309476045116903,0.898218865054573,0.0251407034316452,0.952008398154581,0.0545230401561245,0.0983177394991028,0.885112435951179,0.0321255443641329,4.30978343531111,1.76687637589124,0.0231704083559895,0.00254305767165982,0.920896478422541,0.10580936833797,0.893387488991746,0.0125967016606105,0.0957760323772371,0.868012874017713,0.0468981640980241,1.51283803816164,0.928663841292921,0.0302260536735143,0.00439315208870779,0.937712195415453,0.0987813535108002,0.879990334683605,0.0583344773759232,0.00944397338214679,0.977278751690243,0.0284240205722096
"92",3.25012873119077,1.74204379928418,0.034896218349373,0.00257192434085746,0.888057269781277,0.126591307071826,0.855001592530185,0.0377391714929369,0.165711778380239,0.757120945555873,0.12007578373348,1.02163165196688,0.752703477313858,0.081564365752375,0.00691886784033919,0.885859881681846,0.0530484517928798,0.926744467176121,0.05053508171327,0.00736921056514191,0.981600790184193,0.0254937205008255,1.83722084680621,1.55603341612672,0.0404539027097112,0.00351688753923176,0.909860240847022,0.0572168432430621,0.914627581485965,0.0665299555242374,0.0181423082003453,0.962223221953981,0.0465093548031696
"93",2.43264268737638,1.6153568419902,0.0217631030850728,0.00330665436096185,0.929363694513274,0.214202551111229,0.747500058293717,0.0624787003934287,0.158097965073269,0.813752552851238,0.00673118373276776,3.37104556489179,2.59296621098755,0.0146971286211719,0.00208381062730983,0.940843822123977,0.0893329616488672,0.893399716476558,0.0372803443780608,0.197425787984677,0.779748554311363,0.0325408635278742,1.14713018466246,1.04318945166172,0.0363147109365474,0.0049383001502784,0.928056662505248,0.223439822398668,0.742165122914095,0.0396085147479724,0.0301531790902603,0.940619706466309,0.0662373796157967
"94",2.54074601918293,1.76478314903967,0.0177806465014634,0.00232671156289038,0.939042927203521,0.0420776851460772,0.938803858186942,0.0387411816549953,0.00827370245243635,0.982623547677016,0.0199740995859567,4.66322621383129,2.61930156374765,0.0156844090060826,0.00199386860842375,0.920669420543489,0.059559238602765,0.920610630403879,0.0466923286001097,0.163274627126508,0.811795031702417,-0.00356691800046265,1.31095387510041,1.05012891360362,0.0245184587794537,0.00463940807522445,0.941319326927273,0.127495442895851,0.834456311296583,0.0767510884613331,0.147423297433026,0.828274979911853,0.0243243160735691
"95",0.777865101395805,0.598500762549169,0.0878237029377471,0.00710039088254357,0.897399125283574,0.0281408137069403,0.945064470461615,0.0671978533830505,0.00687770669494344,0.979880987875998,0.0285257965372561,1.19028759930968,0.761404287416775,0.0557799137280637,0.00508864468312355,0.920862998304066,0.0681744817951107,0.89850099053642,0.088957845274503,0.0129483200315927,0.95978324005457,0.0635166654036318,1.41162322855889,0.929987972488209,0.0505649593823489,0.0051212478066668,0.90471157274896,0.0339332208512902,0.943046526006918,0.0563732557336935,0.0765269350140318,0.893328347638225,0.0450229464107537
"96",2.95849990561152,2.33430481112745,0.00991399500479101,0.00189533157873793,0.948665006287441,0.0869425931324456,0.891328596278007,0.0326645713727366,0.115114679488206,0.875481533227673,-0.00786329963653905,2.23825215130036,1.71596785885645,0.0217216469650957,0.00268316086516809,0.932371196002561,0.0342132007655745,0.94270597417463,0.052117332644723,0.0385413113427203,0.937048656278494,0.0503958041836235,1.01372591951063,0.65427253836937,0.0554686062578258,0.00543435874589313,0.923032454000761,0.122425589752008,0.85106188561432,0.0687182067439177,0.0101901465091416,0.964426110901652,0.0550267835379216
"97",2.82320523377805,2.8523989364087,0.0151836288652161,0.00245238039994845,0.941037483740354,0.124927375531698,0.855651683372531,0.0341013752905731,0.121077359458922,0.869723353065393,0.0256895130059633,2.00705154651525,1.30435050091961,0.0222148914737882,0.00194997858743354,0.950189092362453,0.0631476475795392,0.92165778742572,0.04114666502589,0.0667951917271927,0.892271265568258,0.0797677930679536,1.06511434054201,0.725750525885255,0.0515699540797153,0.00671178612932238,0.919069891127687,0.177911569533311,0.781240220651618,0.090506655989795,0.163294930902868,0.778639513125217,0.0978170941099896
"98",3.20093121329359,1.77740149518775,0.012364058587993,0.00249014419016746,0.951898185823663,0.342456698897472,0.627981028219953,0.0883084153727308,0.403250840649827,0.467774634573245,0.169857877345303,1.1150898154888,0.827322582519669,0.0439983666570709,0.0060757731561254,0.922647373757313,0.109052069439533,0.871553854799656,0.0322788840053393,0.468519219457228,0.395379978637318,0.178021907699132,1.07686952204657,0.731721517577969,0.0761307388306705,0.00684306421759638,0.889294532712659,0.0437262911378921,0.910637614179776,0.109591576796628,0.0173272137983565,0.963161797440684,0.0412060187499539
"99",2.66957522636665,2.46598051006069,0.0101385520610167,0.0028176321982663,0.943531074123167,0.381203544409313,0.524525106544665,0.143336672702762,0.261410883156191,0.71460684855885,-0.00920214228551627,1.79098324083837,1.26038904134319,0.0245625792376821,0.00332080741180406,0.939804015651921,0.176879795771281,0.802687502994141,0.0495190815398948,0.148697435139976,0.816550561755043,0.0481392774016805,0.319790968613392,0.255534600511441,0.128446449310622,0.0143418132480648,0.923096675551771,0.0324781874996947,0.93447054244865,0.0915303829467318,-0.00112136986043219,0.970792983670413,0.0761009845906356
"100",3.79095848312026,3.43166115867453,0.0385142266672264,0.00174714921220466,0.856838446722659,0.0938927545851114,0.876260919277447,0.0528550795690483,0.0834690247547278,0.896014151969397,0.0422343283849349,4.95645450439908,2.37871014867115,0.0196345498935866,0.00162834443067378,0.932687333677129,0.0555102898665039,0.937601640183691,0.0308498510239626,0.0852031516284585,0.88736467478139,0.0512972381524934,2.49757465975909,1.89503866233668,0.0154271374642988,0.00210494310572337,0.944489621422579,0.160140789558691,0.80985017235378,0.0538522689749632,0.180994217392995,0.78881176426094,0.0303704390672975
